Company,Symbol,JSE code,Sector,Sector inclusion,No code,Drama,Manual,Included
4Sight Holdings Limited,4SI,JSE:4SI,Financial Services,Yes,Yes,,,
ABSA Bank Limited,ABSP,JSE:ABSP,Banks,Yes,Yes,,,
Accelerate Property Fund Limited,APF,JSE:APF,Real Estate Investment Trusts,Yes,Yes,,,
Accentuate Limited,ACE,JSE:ACE,Chemicals,Yes,Yes,,,
Acsion Limited,ACS,JSE:ACS,Real Estate Investment & Services,Yes,Yes,,,
Adapt It Holdings Limited,ADI,JSE:ADI,Software & Computer Services,Yes,Yes,,,
Adcock Ingram Holdings Limited,AIP,JSE:AIP,Pharmaceuticals & Biotechnology,Yes,Yes,,,
Adcorp Holdings Limited,ADR,JSE:ADR,Support Services,Yes,Yes,,,
Adrenna Property Group Limited,ANA,JSE:ANA,Real Estate Investment & Services,Yes,Yes,,,
Advanced Health Limited,AVL,JSE:AVL,Health Care Equipment & Services,Yes,Yes,,,
Advtech Limited,ADH,JSE:ADH,General Retailers,Yes,Yes,,,
AECI Limited,AFE,JSE:AFE,Chemicals,Yes,Yes,,,
AEP Energy Africa Limited,AEY,JSE:AEY,Financial Services,Yes,Yes,,,
African And Overseas Enterprises Limited,AOO,JSE:AOO,General Retailers,Yes,Yes,,,
African Bank Investments Limited,ABL,JSE:ABL,Financial Services,Yes,No,,Discuss,
African Dawn Capital Limited,ADW,JSE:ADW,Financial Services,Yes,Yes,,,
African Eagle Resources Plc,AEA,JSE:AEA,Industrial Metals & Mining,No,No,,,
African Equity Empowerment Investments Limited,AEE,JSE:AEE,Financial Services,Yes,Yes,,,
African Media Entertainment Limited,AME,JSE:AME,Media,Yes,Yes,,,
African Oxygen Limited,AFX,JSE:AFX,Chemicals,Yes,Yes,,,
African Rainbow Minerals Limited,ARI,JSE:ARI,Industrial Metals & Mining,No,No,,,
Afrimat Limited,AFT,JSE:AFT,Construction & Materials,Yes,Yes,,,
Afrocentric Investment Corp Limited,ACT,JSE:ACT,Financial Services,Yes,Yes,,,
AH-Vest Limited,AHL,JSE:AHL,Food Producers,Yes,Yes,,,
Alaris Holdings Limited,ALH,JSE:ALH,Aerospace & Defense,No,No,,Discuss,
Alert Steel Holdings Limited,AET,JSE:AET,General Retailers,Yes,Yes,,,
Alexander Forbes Group Holdings Limited,AFH,JSE:AFH,Financial Services,Yes,Yes,,,
Allied Electronics Corporation Limited,AEL,JSE:AEL,Software & Computer Services,Yes,Yes,,,
Amalgamated Electronic Corp Limited,AER,JSE:AER,Electronic & Electrical Equipment,Yes,Yes,,,
Anchor Group Limited,ACG,JSE:ACG,Financial Services,Yes,Yes,,,
Andulela Investment Holdings Limited,AND,JSE:AND,Industrial Metals & Mining,No,No,,,
Anglo American Platinium Limited,AMS,JSE:AMS,Mining,No,No,,,
Anglo American Plc,AGL,JSE:AGL,Mining,No,No,,,
Anglogold Ashanti Limited,ANG,JSE:ANG,Mining,No,No,,,
AB InBev,ANB,JSE:ANB,Beverages,Yes,Yes,,Discuss,
Ansys Limited,ANS,JSE:ANS,Industrial Transportation,Yes,Yes,,,
ARB Holdings Limited,ARH,JSE:ARH,Support Services,Yes,Yes,,,
Arcelormittal South Africa Limited,ACL,JSE:ACL,Industrial Metals & Mining,No,No,,,
Argent Industrial Limited,ART,JSE:ART,Support Services,Yes,Yes,,,
Arrowhead Properties Limited,AWA,JSE:AWA,Real Estate Investment Trusts,Yes,Yes,,,
Ascendis Health Limited,ASC,JSE:ASC,Pharmaceuticals & Biotechnology,Yes,Yes,,,
Ascension Properties Limited,AIA,JSE:AIA,Real Estate Investment Trusts,Yes,Yes,,,
Aspen Pharmacare Holdings Limited,APN,JSE:APN,Pharmaceuticals & Biotechnology,Yes,Yes,,,
Assore Limited,ASR,JSE:ASR,Industrial Metals & Mining,No,No,,,
Astoria Investments Limited,ARA,JSE:ARA,Financial Services,Yes,Yes,,,
Astral Foods Limited,ARL,JSE:ARL,Food Producers,Yes,Yes,,,
Astrapak Limited,APK,JSE:APK,General Industrials,Yes,Yes,,,
Atlantic Leaf Properties Limited,ALP,JSE:ALP,Real Estate Investment Trusts,Yes,Yes,,,
Atlatsa Resources Corporation,ATL,JSE:ATL,Mining,No,No,,,
Attacq Limited,ATT,JSE:ATT,Real Estate Investment & Services,Yes,Yes,,,
Aveng Limited,AEG,JSE:AEG,Construction & Materials,Yes,Yes,,,
AVI Limited,AVI,JSE:AVI,Food Producers,Yes,Yes,,,
Avior Capital Markets Holdings Limited,AVR,JSE:AVR,Software & Computer Services,Yes,Yes,,,
Awethu Breweries Limited,AWT,JSE:AWT,Food Producers,Yes,Yes,,,
Balwin Properties Pty Limited,BWN,JSE:BWN,Real Estate Investment & Services,Yes,Yes,,,
Barclays Africa Group Limited,BGA,JSE:BGA,Banks,Yes,Yes,,,
Barloworld Limited,BAW,JSE:BAW,Support Services,Yes,Yes,,,
Basil Read Holdings Limited,BSR,JSE:BSR,Construction & Materials,Yes,Yes,,,
Bauba Platinum Limited,BAU,JSE:BAU,Mining,No,No,,,
Beige Holdings Limited,BEG,JSE:BEG,Personal Goods,Yes,Yes,,,
Bell Equipment Limited,BEL,JSE:BEL,Industrial Engineering,Yes,Yes,,,
BHP Billiton Plc,BIL,JSE:BIL,Industrial Metals & Mining,No,No,,,
Bid Corp Limited,BID,JSE:BID,Health Care Equipment & Services,Yes,Yes,,,
BK One Limited,BK1P,JSE:BK1P,Financial Services,Yes,Yes,,,
Blue Financial Services Limited,BFS,JSE:BFS,Financial Services,Yes,Yes,,,
Blue Label Telecoms Limited,BLU,JSE:BLU,Support Services,Yes,Yes,,,
Bonatla Property Holdings Limited,BNT,JSE:BNT,Real Estate Investment & Services,Yes,Yes,,,
Bowler Metcalf Limited,BCF,JSE:BCF,Chemicals,Yes,Yes,,,
Brainworks Limited,BWZ,JSE:BWZ,Real Estate Investment & Services,Yes,Yes,,,
Brait SE,BAT,JSE:BAT,Financial Services,Yes,Yes,,,
Brikor Limited,BIK,JSE:BIK,Construction & Materials,Yes,Yes,,,
Brimstone Investment Corporation Ld,BRT,JSE:BRT,Financial Services,Yes,Yes,,,
British American Tobacco Plc,BTI,JSE:BTI,Tobacco,No,No,,,
BSI Steel Limited,BSS,JSE:BSS,Industrial Metals & Mining,No,No,,Discuss,
Buffalo Coal Corp,BUC,JSE:BUC,Mining,No,No,,,
Buildmax Limited,BDM,JSE:BDM,"Oil Equipment, Services & Distribution",No,No,,Yes,
CAFCA Limited,CAC,JSE:CAC,Electronic & Electrical Equipment,Yes,Yes,,,
Calgro M3 Holdings Limited,CGR,JSE:CGR,Real Estate Investment & Services,Yes,Yes,,,
Capevin Holdings Limited,CVH,JSE:CVH,Beverages,Yes,Yes,,,
Capital & Counties Properties Plc,CCO,JSE:CCO,Real Estate Investment & Services,Yes,Yes,,,
Capital & Regional Plc,CRP,JSE:CRP,Real Estate Investment Trusts,Yes,Yes,,,
Capital Appreciation Limited,CTA,JSE:CTA,Financial Services,Yes,Yes,,,
Capitec Bank Holdings Limited,CPI,JSE:CPI,Banks,Yes,Yes,,,
Cargo Carriers Limited,CRG,JSE:CRG,Industrial Transportation,Yes,Yes,,,
Cartrack Holdings Limited,CTK,JSE:CTK,Technology Hardware & Equipment,Yes,Yes,,,
Cashbuild Limited,CSB,JSE:CSB,General Retailers,Yes,Yes,,,
Caxton CTP Publishers & Printers Ltd,CAT,JSE:CAT,Media,Yes,Yes,,,
Central Rand Gold Limited,CRD,JSE:CRD,Mining,No,No,,,
Chemical Specialities Limited,CSP,JSE:CSP,Chemicals,Yes,Yes,,,
Choppies Enterprises Limited,CHP,JSE:CHP,General Retailers,Yes,Yes,,,
Chrometco Limited,CMO,JSE:CMO,Industrial Metals & Mining,No,No,,Discuss,
City Lodge Hotels Limited,CLH,JSE:CLH,Travel & Leisure,Yes,Yes,,,
Clicks Group Limited,CLS,JSE:CLS,Food & Drug Retailers,Yes,Yes,,,
Clientele Limited,CLI,JSE:CLI,Life Insurance,Yes,Yes,,,
Clover Industries Limited,CLR,JSE:CLR,Food Producers,Yes,Yes,,,
Coal Of Africa Limited,CZA,JSE:CZA,Oil & Gas Producers,No,No,,,
Cognition Holdings Limited,CGN,JSE:CGN,Fixed Line Telecommunications,Yes,Yes,,,
Comair Limited,COM,JSE:COM,Travel & Leisure,Yes,Yes,,,
Combined Motor Holdings Limited,CMH,JSE:CMH,General Retailers,Yes,Yes,,,
Command Holdings Limited,CMA,JSE:CMA,General Retailers,Yes,Yes,,,
Compagnie Financiere Richemont SA,CFR,JSE:CFR,Personal Goods,Yes,Yes,,,
Conduit Capital Limited,CND,JSE:CND,Nonlife Insurance,Yes,Yes,,,
Consolidated Infrastructure Group Ltd,CIL,JSE:CIL,Construction & Materials,Yes,Yes,,,
Coronation Fund Managers Limited,CML,JSE:CML,Financial Services,Yes,Yes,,,
Crookes Brothers Limited,CKS,JSE:CKS,Food Producers,Yes,Yes,,,
CSG Holdings Limited,CSG,JSE:CSG,Support Services,Yes,Yes,,,
Cullinan Holdings Limited,CUL,JSE:CUL,Travel & Leisure,Yes,Yes,,,
Curro Holdings Limited,COH,JSE:COH,General Retailers,Yes,Yes,,,
Datacentrix Holdings Limited,DCT,JSE:DCT,Software & Computer Services,Yes,Yes,,,
Datatec Limited,DTC,JSE:DTC,Technology Hardware & Equipment,Yes,Yes,,,
Delrand Resources Limited,DRN,JSE:DRN,Industrial Metals & Mining,No,No,,,
Delta EMD Limited,DTA,JSE:DTA,Electronic & Electrical Equipment,Yes,Yes,,,
Delta Property Fund Limited,DLT,JSE:DLT,Real Estate Investment Trusts,Yes,Yes,,,
Deneb Investments Limited,DNB,JSE:DNB,Financial Services,Yes,Yes,,,
Diamondcorp Plc,DMC,JSE:DMC,Industrial Metals & Mining,No,No,,,
Dipula Income Fund Limited,DIA,JSE:DIA,Real Estate Investment Trusts,Yes,Yes,,,
Dis-Chem Pharmacies,DCP,JSE:DCP,Food & Drug Retailers,Yes,Yes,,,
Discovery Limited,DSY,JSE:DSY,Life Insurance,Yes,Yes,,,
Distell Group Limited,DST,JSE:DST,Beverages,Yes,Yes,,,
Distribution And Warehousing Network Ld,DAW,JSE:DAW,Support Services,Yes,Yes,,,
DRDGOLD Limited,DRD,JSE:DRD,Mining,No,No,,,
E Media Holdings Limited,EMH,JSE:EMH,Personal Goods,Yes,Yes,,,
Eastern Platinum Limited,EPS,JSE:EPS,Industrial Metals & Mining,No,No,,,
Echo Polska Properties,EPP,JSE:EPP,Real Estate Investment & Services,Yes,Yes,,,
Ecsponent Limited,ECS,JSE:ECS,Financial Services,Yes,Yes,,,
Efficient Group Limited,EFG,JSE:EFG,Financial Services,Yes,Yes,,,
ELB Group Limited,ELR,JSE:ELR,Support Services,Yes,Yes,,,
Ellies Holdings Limited,ELI,JSE:ELI,Technology Hardware & Equipment,Yes,Yes,,,
Emira Property Fund Limited,EMI,JSE:EMI,Real Estate Investment Trusts,Yes,Yes,,,
enX Group Limited,ENX,JSE:ENX,Support Services,Yes,Yes,,,
EOH Holdings Limited,EOH,JSE:EOH,Software & Computer Services,Yes,Yes,,,
EPE Capital Partners Limited (Ethos Capital),EPE,JSE:EPE,Financial Services,Yes,Yes,,,
Eqstra Holdings Limited,EQS,JSE:EQS,Support Services,Yes,No,,,
Equites Property Fund Limited,EQU,JSE:EQU,Real Estate Investment Trusts,Yes,Yes,,,
Erin Energy Corporation,ERN,JSE:ERN,Oil & Gas Producers,No,No,,,
Esor Limited,ESR,JSE:ESR,Construction & Materials,Yes,Yes,,,
Masonite (Africa) Limited,MAS,JSE:MAS,Forestry & Paper,Yes,Yes,,,
Evraz Highveld Steel & Vanadium Ltd,EHS,JSE:EHS,Industrial Metals & Mining,No,No,,,
Exxaro Resources Limited,EXX,JSE:EXX,Oil & Gas Producers,No,No,,,
Fairvest Property Holdings Limited,FVT,JSE:FVT,Real Estate Investment & Services,Yes,Yes,,,
Famous Brands Limited,FBR,JSE:FBR,Travel & Leisure,Yes,Yes,,,
Ferrum Crescent Limited,FCR,JSE:FCR,Industrial Metals & Mining,No,No,,,
Finbond Group Limited,FGL,JSE:FGL,Financial Services,Yes,Yes,,,
Firestone Energy Limited,FSE,JSE:FSE,Mining,No,No,,,
Firstrand Limited,FSR,JSE:FSR,Financial Services,Yes,Yes,,,
Fortress Income Fund Limited,FFB,JSE:FFB,Real Estate Investment Trusts,Yes,Yes,,,
Freedom Property Fund Ltd,FDP,JSE:FDP,Real Estate Investment & Services,Yes,Yes,,,
GAIA Infrastructure Capital Limited,GAI,JSE:GAI,Financial Services,Yes,Yes,,,
Giyani Gold Corporation,GIY,JSE:GIY,Industrial Metals & Mining,No,No,,,
Glencore Plc,GLN,JSE:GLN,Mining,No,No,,,
Global Asset Management Limited,GAM,JSE:GAM,Financial Services,Yes,Yes,,,
Globe Trade Centre SA,GTC,JSE:GTC,Real Estate Investment & Services,Yes,Yes,,,
Go Life International PCC,GLI,JSE:GLI,Health Care Equipment & Services,Yes,Yes,,,
Gold Brands Investments Limited,GBI,JSE:GBI,Travel & Leisure,Yes,Yes,,,
Gold Fields Limited,GFI,JSE:GFI,Mining,No,No,,,
Gooderson Leisure Corporation Ltd,GDN,JSE:GDN,Travel & Leisure,Yes,Yes,,,
Grand Parade Investments Limited,GPL,JSE:GPL,Travel & Leisure,Yes,Yes,,,
Great Basin Gold Limited,GBG,JSE:GBG,Mining,No,No,,,
Greenbay Properties Limited,GRP,JSE:GRP,Financial Services,Yes,Yes,,,
Grindrod Limited,GND,JSE:GND,Industrial Transportation,Yes,Yes,,,
Group Five Limited,GRF,JSE:GRF,Construction & Materials,Yes,Yes,,,
Growthpoint Properties Limited,GRT,JSE:GRT,Real Estate Investment Trusts,Yes,Yes,,,
Harmony Gold Mining Company Limited,HAR,JSE:HAR,Mining,No,No,,,
Heriot REIT Limited,HET,JSE:HET,Real Estate Investment Trusts,Yes,Yes,,,
Holdsport Limited,HSP,JSE:HSP,General Retailers,Yes,Yes,,,
Homechoice International Plc,HIL,JSE:HIL,General Retailers,Yes,Yes,,,
Hosken Consolidated Investments Ltd,HCI,JSE:HCI,General Industrials,Yes,Yes,,,
Hospitality Property Fund Limited,HPA,JSE:HPA,Real Estate Investment Trusts,Yes,No,,,
Howden Africa Holdings Limited,HWN,JSE:HWN,Industrial Engineering,Yes,Yes,,,
Hudaco Industries Limited,HDC,JSE:HDC,Support Services,Yes,Yes,,,
Huge Group Limited,HUG,JSE:HUG,Fixed Line Telecommunications,Yes,Yes,,,
Hulamin Limited,HLM,JSE:HLM,Industrial Metals & Mining,No,No,,,
Hulisani Limited,HUL,JSE:HUL,#N/A,#N/A,#N/A,,,
Hwange Colliery Company Limited,HWA,JSE:HWA,#N/A,#N/A,#N/A,,,
Hyprop Investments Limited,HYP,JSE:HYP,Real Estate Investment Trusts,Yes,Yes,,,
Imbalie Beauty Limited,ILE,JSE:ILE,Personal Goods,Yes,Yes,,,
Impala Platinum Holdings Limited,IMP,JSE:IMP,Mining,No,No,,,
Imperial Holdings Limited,IPL,JSE:IPL,General Retailers,Yes,Yes,,,
Indequity Group Limited,IDQ,JSE:IDQ,Nonlife Insurance,Yes,Yes,,,
Indluplace Properties Limited,ILU,JSE:ILU,Real Estate Investment Trusts,Yes,Yes,,,
Ingenuity Property Investments Ltd,ING,JSE:ING,Real Estate Investment & Services,Yes,Yes,,,
Insimbi Refractory and Alloy Supplies Limited,ISB,JSE:ISB,Support Services,Yes,Yes,,,
International Hotel Group Limited,IHL,JSE:IHL,Real Estate Investment & Services,Yes,Yes,,,
Interwaste Holdings Limited,IWE,JSE:IWE,Support Services,Yes,Yes,,,
Intu Properties Plc,ITU,JSE:ITU,Real Estate Investment Trusts,Yes,Yes,,,
Investec Australia Property Fund,IAP,JSE:IAP,Real Estate Investment Trusts,Yes,No,,,
Investec Limited,INL,JSE:INL,Financial Services,Yes,Yes,,,
Investec Plc,INP,JSE:INP,Financial Services,Yes,Yes,,,
Investec Property Fund Limited,IPF,JSE:IPF,Real Estate Investment Trusts,Yes,Yes,,,
Invicta Holdings Limited,IVT,JSE:IVT,Support Services,Yes,Yes,,,
IPSA Group Plc,IPS,JSE:IPS,Construction & Materials,Yes,Yes,,,
ISA Holdings Limited,ISA,JSE:ISA,Software & Computer Services,Yes,Yes,,,
Italtile Limited,ITE,JSE:ITE,General Retailers,Yes,Yes,,,
Jasco Electronics Holdings Limited,JSC,JSE:JSC,Electronic & Electrical Equipment,Yes,Yes,,,
JSE Limited,JSE,JSE:JSE,Financial Services,Yes,Yes,,,
Jubilee Platinum Plc,JBL,JSE:JBL,Industrial Metals & Mining,No,No,,,
Kaap Agri Limited,KAL,JSE:KAL,Food Producers,Yes,Yes,,,
KAP Industrial Holdings Limited,KAP,JSE:KAP,General Industrials,Yes,Yes,,,
Kaydav Group Limited,KDV,JSE:KDV,Support Services,Yes,Yes,,,
Keaton Energy Holdings Limited,KEH,JSE:KEH,Oil & Gas Producers,No,No,,,
Kibo Mining Plc,KBO,JSE:KBO,Mining,No,No,,,
Kumba Iron Ore Limited,KIO,JSE:KIO,Industrial Metals & Mining,No,No,,,
Labat Africa Limited,LAB,JSE:LAB,Technology Hardware & Equipment,Yes,Yes,,,
Lewis Group Limited,LEW,JSE:LEW,General Retailers,Yes,Yes,,,
Liberty Holdings Limited,LBH,JSE:LBH,Life Insurance,Yes,Yes,,,
Liberty Two Degrees,L2D,JSE:L2D,Real Estate Investment Trusts,Yes,No,,,
Life Healthcare Group Holdings Ltd,LHC,JSE:LHC,Health Care Equipment & Services,Yes,Yes,,,
Lodestone REIT Limited,LDO,JSE:LDO,Real Estate Investment Trusts,Yes,Yes,,,
London Finance & Investment Group Plc,LNF,JSE:LNF,Financial Services,Yes,Yes,,,
Long4Life Limited,L4L,JSE:L4L,Financial Services,Yes,Yes,,,
Lonmin Plc,LON,JSE:LON,Industrial Metals & Mining,No,No,No,,
M-FiTEC International Limited,MFI,JSE:MFI,Software & Computer Services,Yes,Yes,,,
Mainland Real Estate Limited,MLD,JSE:MLD,Real Estate Investment & Services,Yes,Yes,,,
Mara Delta Property Holdings,MDP,JSE:MDP,Real Estate Investment Trusts,Yes,No,,,
Marshall Monteagle Plc,MMP,JSE:MMP,Support Services,Yes,Yes,,,
MAS Real Estate Inc,MSP,JSE:MSP,Real Estate Investment & Services,Yes,Yes,,,
Massmart Holdings Limited,MSM,JSE:MSM,Food & Drug Retailers,Yes,Yes,,,
Master Drilling Group Ltd,MDI,JSE:MDI,Industrial Metals & Mining,No,No,,,
Master Plastics Limited,MAP,JSE:MAP,General Industrials,Yes,Yes,,,
Mazor Group Limited,MZR,JSE:MZR,Construction & Materials,Yes,Yes,,,
Mediclinic International Limited,MEI,JSE:MEI,Health Care Equipment & Services,Yes,Yes,,,
Merafe Resources Limited,MRF,JSE:MRF,Industrial Metals & Mining,No,No,,,
Metair Investments Limited,MTA,JSE:MTA,Automobiles & Parts,Yes,Yes,,,
Metrofile Holdings Limited,MFL,JSE:MFL,Software & Computer Services,Yes,Yes,,,
MICROmega Holdings Limited,MMG,JSE:MMG,Financial Services,Yes,Yes,,,
Middle East Diamond Resources Limited,MED,JSE:MED,Industrial Metals & Mining,No,No,,,
Mine Restoration Investments Ltd,MRI,JSE:MRI,Support Services,Yes,Yes,,,
Miranda Mineral Holdings Limited,MMH,JSE:MMH,Industrial Metals & Mining,No,No,,,
Mix Telematics Limited,MIX,JSE:MIX,Support Services,Yes,Yes,,,
MMI Holdings Limited,MMI,JSE:MMI,Life Insurance,Yes,Yes,,,
Mondi Limited,MND,JSE:MND,Forestry & Paper,Yes,Yes,,,
Mondi Plc,MNP,JSE:MNP,General Industrials,Yes,Yes,,,
Moneyweb Holdings Limited,MNY,JSE:MNY,Software & Computer Services,Yes,Yes,,,
Montauk Holdings Limited,MNK,JSE:MNK,Electricity,Yes,Yes,,,
Mpact Limited,MPT,JSE:MPT,General Industrials,Yes,Yes,,,
Mr Price Group Limited,MRP,JSE:MRP,General Retailers,Yes,Yes,,,
MTN Group Limited,MTN,JSE:MTN,Mobile Telecommunications,Yes,Yes,,,
Murray & Roberts Holdings Limited,MUR.ZA,JSE:MUR.ZA,Construction & Materials,Yes,No,,,
Mustek Limited,MST,JSE:MST,Technology Hardware & Equipment,Yes,Yes,,,
Nampak Limited,NPK,JSE:NPK,General Industrials,Yes,Yes,,,
Naspers Limited,NPN,JSE:NPN,Media,Yes,Yes,,,
Nedbank Group Limited,NED,JSE:NED,Banks,Yes,Yes,,,
Net 1 UEPS Technologies Inc,NT1,JSE:NT1,Technology Hardware & Equipment,Yes,Yes,,,
Netcare Limited,NTC,JSE:NTC,Health Care Equipment & Services,Yes,Yes,,,
New Europe Property Investments Plc,NEP,JSE:NEP,Real Estate Investment & Services,Yes,Yes,,,
New Frontier Properties Limited,NFP,JSE:NFP,Real Estate Investment & Services,Yes,Yes,,,
Newpark REIT Limited,NRL,JSE:NRL,Real Estate Investment Trusts,Yes,Yes,,,
Nictus Beperk,NCS,JSE:NCS,Financial Services,Yes,Yes,,,
Niveus Investments Ltd,NIV,JSE:NIV,Financial Services,Yes,Yes,,,
Northam Platinum Limited,NHM,JSE:NHM,Mining,No,No,,,
Novus Holdings Limited,NVS,JSE:NVS,Support Services,Yes,Yes,,,
Nu-World Holdings Limited,NWL,JSE:NWL,Household Goods & Home Construction,Yes,Yes,,,
Nutritional Holdings Limited,NUT,JSE:NUT,Food Producers,Yes,Yes,,,
NVest Financial Holdings Limited,NVE,JSE:NVE,Financial Services,Yes,Yes,,,
Oakbay Resources And Energy Limited,ORL,JSE:ORL,Mining,No,No,No,,
Oando Plc,OAO,JSE:OAO,Oil & Gas Producers,No,No,,,
Oasis Crescent Property Fund,OAS,JSE:OAS,Financial Services,Yes,No,,,
Oceana Group Limited,OCE,JSE:OCE,Food Producers,Yes,Yes,,,
Octodec Investments Limited,OCT,JSE:OCT,Real Estate Investment Trusts,Yes,Yes,,,
Old Mutual Plc,OML,JSE:OML,Insurance,Yes,Yes,,,
Omnia Holdings Limited,OMN,JSE:OMN,Chemicals,Yes,Yes,,,
Onelogix Group Limited,OLG,JSE:OLG,Industrial Transportation,Yes,Yes,,,
Orion Minerals NL,ORN,JSE:ORN,Mining,No,No,,,
Orion Real Estate Limited,ORE,JSE:ORE,Real Estate Investment Trusts,Yes,Yes,,,
Pallinghurst Resources Limited,PGL,JSE:PGL,Financial Services,Yes,Yes,,,
Pan African Resources Plc,PAN,JSE:PAN,Industrial Metals & Mining,No,No,,,
Pembury Lifestyle Group Limited,PEM,JSE:PEM,Real Estate Investment & Services,Yes,Yes,,,
Peregrine Holdings Limited,PGR,JSE:PGR,Financial Services,Yes,Yes,,,
Petmin Limited,PET,JSE:PET,Industrial Metals & Mining,No,No,,,
Phumelela Gaming & Leisure Limited,PHM,JSE:PHM,Travel & Leisure,Yes,Yes,,,
Pick N Pay Holdings Limited,PWK,JSE:PWK,Food & Drug Retailers,Yes,Yes,,,
Pick N Pay Stores Limited,PIK,JSE:PIK,Food & Drug Retailers,Yes,Yes,,,
Pinnacle Holdings Ltd,PNC,JSE:PNC,Technology Hardware & Equipment,Yes,No,,,
Pioneer Food Group Limited,PFG,JSE:PFG,Food Producers,Yes,Yes,,,
Platfields Limited,PLL,JSE:PLL,Mining,No,No,,,
PPC Limited,PPC,JSE:PPC,Construction & Materials,Yes,Yes,,,
Premier Food and Fishing Limited,PFF,JSE:PFF,Food Producers,Yes,No,,,
Prescient Limited,PCT,JSE:PCT,Financial Services,Yes,No,,,
Primeserv Group Limited,PMV,JSE:PMV,Support Services,Yes,Yes,,,
Protech Khuthele Holdings Limited,PKH,JSE:PKH,Construction & Materials,Yes,Yes,,,
PSG Group Limited,PSG,JSE:PSG,Financial Services,Yes,Yes,,,
PSG Konsult Limited,KST,JSE:KST,Financial Services,Yes,Yes,,,
PSV Holdings Limited,PSV,JSE:PSV,Industrial Engineering,Yes,Yes,,,
Purple Group Limited,PPE,JSE:PPE,Financial Services,Yes,Yes,,,
Putprop Limited,PPR,JSE:PPR,Real Estate Investment & Services,Yes,Yes,,,
Quantum Food Holdings Limited,QFH,JSE:QFH,Food Producers,Yes,Yes,,,
Quantum Property Group Limited,QPG,JSE:QPG,Real Estate Investment & Services,Yes,Yes,,,
Rand Merchant Investment Holdings Limited,RMI,JSE:RMI,Life Insurance,Yes,Yes,,,
Randgold & Exploration Company Ltd,RNG,JSE:RNG,Mining,No,No,,,
Rare Holdings Limited,RAR,JSE:RAR,Support Services,Yes,Yes,,,
Raubex Group Limited,RBX,JSE:RBX,Construction & Materials,Yes,Yes,,,
RBA Holdings Limited,RBA,JSE:RBA,Real Estate Investment & Services,Yes,Yes,,,
RCL Foods Limited,RCL,JSE:RCL,Food Producers,Yes,Yes,,,
Rebosis Property Fund Limited,REB,JSE:REB,Real Estate Investment Trusts,Yes,Yes,,,
RECM And Calibre Limited,RACP,JSE:RACP,Financial Services,Yes,Yes,,,
Redefine International Plc,RPL,JSE:RPL,Real Estate Investment Trusts,Yes,Yes,,,
Redefine Properties Limited,RDF,JSE:RDF,Real Estate Investment Trusts,Yes,Yes,,,
Reinet Investments SCA,REI,JSE:REI,Financial Services,Yes,Yes,,,
Remgro Limited,REM,JSE:REM,Financial Services,Yes,Yes,,,
Renergen Limited,REN,JSE:REN,Financial Services,Yes,Yes,,,
Resilient REIT Limited,RES,JSE:RES,Real Estate Investment Trusts,Yes,Yes,,,
Resource Generation Limited,RSG,JSE:RSG,#N/A,#N/A,#N/A,,,
Reunert Limited,RLO,JSE:RLO,General Industrials,Yes,Yes,,,
Rex Trueform Clothing Company Ltd,RTO,JSE:RTO,General Retailers,Yes,Yes,,,
RH Bophelo Limited,RHB,JSE:RHB,Health Care Equipment & Services,Yes,Yes,,,
Rhodes Food Group Holdings Limited,RFG,JSE:RFG,Food Producers,Yes,Yes,,,
RMB Holdings Limited,RMH,JSE:RMH,Financial Services,Yes,Yes,,,
Rockcastle Global Real Estate Company Limited,ROC,JSE:ROC,Real Estate Investment & Services,Yes,Yes,,,
Rockwell Diamonds Incorporated,RDI,JSE:RDI,Industrial Metals & Mining,No,No,,,
Rolfes Holdings Limited,RLF,JSE:RLF,Chemicals,Yes,Yes,,,
Royal Bafokeng Platinum Limited,RBP,JSE:RBP,Mining,No,No,,,
SA Corporate Real Estate Limited,SAC,JSE:SAC,Real Estate Investment Trusts,Yes,Yes,,,
Sabvest Limited,SBV,JSE:SBV,Financial Services,Yes,Yes,,,
Sacoil Holdings Limited,SCL,JSE:SCL,Oil & Gas Producers,No,No,,,
Sacoven Plc,SCV,JSE:SCV,Financial Services,Yes,Yes,,,
Safari Investments RSA Limited,SAR,JSE:SAR,Real Estate Investment Trusts,Yes,Yes,,,
Sanlam Limited,SLM,JSE:SLM,Life Insurance,Yes,Yes,,,
Santam Limited,SNT,JSE:SNT,Nonlife Insurance,Yes,Yes,,,
Santova Limited,SNV,JSE:SNV,Industrial Transportation,Yes,Yes,,,
Sappi Limited,SAP,JSE:SAP,Forestry & Paper,Yes,Yes,,,
Sasfin Holdings Limited,SFN,JSE:SFN,Banks,Yes,Yes,,,
Sasol Limited,SOL,JSE:SOL,Oil & Gas Producers,No,No,,,
Schroder European Real Estate Investment Trust plc,SCD,JSE:SCD,Real Estate Investment Trusts,Yes,Yes,,,
Sentula Mining Limited,SNU,JSE:SNU,Oil & Gas Producers,No,No,,,
Sephaku Holdings Limited,SEP,JSE:SEP,Construction & Materials,Yes,Yes,,,
Shoprite Holdings Limited,SHP,JSE:SHP,Food & Drug Retailers,Yes,Yes,,,
Sibanye Gold Limited,SGL,JSE:SGL,Mining,No,No,,,
Silverbridge Holdings Limited,SVB,JSE:SVB,Software & Computer Services,Yes,Yes,,,
Sirius Real Estate Limited,SRE,JSE:SRE,Real Estate Investment & Services,Yes,Yes,,,
South African Coal Mining Holdings Ltd,SAH,JSE:SAH,Oil & Gas Producers,No,No,,,
South Ocean Holdings Limited,SOH,JSE:SOH,Electronic & Electrical Equipment,Yes,Yes,,,
South32 Limited,S32,JSE:S32,Industrial Metals & Mining,No,No,,,
Sovereign Food Investments Limited,SOV,JSE:SOV,Food Producers,Yes,Yes,,,
Spanjaard Limited,SPA,JSE:SPA,Chemicals,Yes,Yes,,,
Spear REIT Limited,SEA,JSE:SEA,Real Estate Investment Trusts,Yes,Yes,,,
Spur Corporation Limited,SUR,JSE:SUR,Travel & Leisure,Yes,Yes,,,
Stadio Holdings Limited,SDO,JSE:SDO,General Retailers,Yes,Yes,,,
Standard Bank Group Limited,SBK,JSE:SBK,Banks,Yes,Yes,,,
Stefanutti Stocks Holdings Ltd,SSK,JSE:SSK,Construction & Materials,Yes,Yes,,,
Steinhoff Africa Retail Limited,SRR,JSE:SRR,General Retailers,Yes,Yes,No,,
Steinhoff International Holdings Limited,SHF,JSE:SHF,Personal Goods,Yes,Yes,,,
Steinhoff International Holdings NV,SNH,JSE:SNH,Personal Goods,Yes,Yes,,,
Stellar Capital Partners Limited,SCP,JSE:SCP,Software & Computer Services,Yes,Yes,,,
Stenprop Limited,STP,JSE:STP,Real Estate Investment & Services,Yes,Yes,,,
Stor-Age Property REIT Limited,SSS,JSE:SSS,Real Estate Investment Trusts,Yes,Yes,,,
StratCorp Limited,STA,JSE:STA,Financial Services,Yes,Yes,,,
Sun International Limited,SUI,JSE:SUI,Travel & Leisure,Yes,Yes,,,
Super Group Limited,SPG,JSE:SPG,General Retailers,Yes,Yes,,,
Sygnia Limited,SYG,JSE:SYG,Financial Services,Yes,Yes,,,
Synergy Income Fund Limited,SGA,JSE:SGA,Real Estate Investment Trusts,Yes,Yes,,,
Taste Holdings Limited,TAS,JSE:TAS,Travel & Leisure,Yes,Yes,,,
Tawana Resources NL,TAW,JSE:TAW,Industrial Metals & Mining,No,No,,,
Telemasters Holdings Limited,TLM,JSE:TLM,Fixed Line Telecommunications,Yes,Yes,,,
Telkom SA SOC Limited,TKG,JSE:TKG,Fixed Line Telecommunications,Yes,Yes,,,
Texton Property Fund Limited,TEX,JSE:TEX,Real Estate Investment Trusts,Yes,Yes,,,
Tharisa Plc,THA,JSE:THA,Mining,No,No,,,
The Bidvest Group Limited,BVT,JSE:BVT,General Industrials,Yes,Yes,,,
The Foschini Group Limited,TFG,JSE:TFG,General Retailers,Yes,Yes,,,
The Pivotal Fund Limited,PIV,JSE:PIV,Real Estate Investment Trusts,Yes,Yes,,,
The SPAR Group Limited,SPP,JSE:SPP,Food & Drug Retailers,Yes,Yes,,,
The Waterberg Coal Company Limited,WCC,JSE:WCC,Mining,No,No,,,
Tiger Brands Limited,TBS,JSE:TBS,Food Producers,Yes,Yes,,,
Tiso Blackstar Group SE,TBG,JSE:TBG,Financial Services,Yes,Yes,,,
Tongaat Hulett Limited,TON,JSE:TON,Food Producers,Yes,Yes,,,
Torre Industries Limited,TOR,JSE:TOR,Support Services,Yes,Yes,,,
Total Client Services Limited,TCS,JSE:TCS,Software & Computer Services,Yes,Yes,,,
Tower Property Fund Limited,TWR,JSE:TWR,Real Estate Investment Trusts,Yes,Yes,,,
Tradehold Limited,TDH,JSE:TDH,Real Estate Investment & Services,Yes,Yes,,,
Trans Hex Group Limited,TSX,JSE:TSX,Mining,No,No,,,
Transaction Capital Limited,TCP,JSE:TCP,Financial Services,Yes,Yes,,,
Transpaco Limited,TPC,JSE:TPC,General Industrials,Yes,Yes,,,
Trellidor Holdings Limited,TRL,JSE:TRL,Construction & Materials,Yes,Yes,,,
Trematon Capital Investments Ltd,TMT,JSE:TMT,Financial Services,Yes,Yes,,,
Trencor Limited,TRE,JSE:TRE,Industrial Transportation,Yes,Yes,,,
Trustco Group Holdings Limited,TTO,JSE:TTO,Financial Services,Yes,Yes,,,
Truworths International Limited,TRU,JSE:TRU,General Retailers,Yes,Yes,,,
Tsogo Sun Holdings Limited,TSH,JSE:TSH,Travel & Leisure,Yes,Yes,,,
Universal Partners Limited,UPL,JSE:UPL,Financial Services,Yes,Yes,,,
Value Group Limited,VLE,JSE:VLE,Travel & Leisure,Yes,Yes,,,
Verimark Holdings Limited,VMK,JSE:VMK,General Retailers,Yes,Yes,,,
VestIN Holdings Limited,VIN,JSE:VIN,Financial Services,Yes,Yes,,,
Visual International Holdings Limited,VIS,JSE:VIS,Real Estate Investment & Services,Yes,Yes,,,
Vodacom Group Limited,VOD,JSE:VOD,Mobile Telecommunications,Yes,Yes,,,
Vukile Property Fund Limited,VKE,JSE:VKE,Real Estate Investment Trusts,Yes,Yes,,,
Vunani Limited,VUN,JSE:VUN,Financial Services,Yes,Yes,,,
W G Wearne Limited,WEA,JSE:WEA,Construction & Materials,Yes,Yes,,,
Wescoal Holdings Limited,WSL,JSE:WSL,Support Services,Yes,Yes,,,
Wesizwe Platinum Limited,WEZ,JSE:WEZ,Mining,No,No,,,
Wilderness Holdings Limited,WIL,JSE:WIL,Travel & Leisure,Yes,Yes,,,
William Tell Holdings Limited,WTL,JSE:WTL,Forestry & Paper,Yes,Yes,,,
Wilson Bayly Holmes-Ovcon Limited,WBO,JSE:WBO,Construction & Materials,Yes,Yes,,,
Winhold Limited,WNH,JSE:WNH,General Industrials,Yes,Yes,,,
Woolworths Holdings Limited,WHL,JSE:WHL,General Retailers,Yes,Yes,,,
Workforce Holdings Limited,WKF,JSE:WKF,Support Services,Yes,Yes,,,
York Timber Holdings Limited,YRK,JSE:YRK,Forestry & Paper,Yes,Yes,,,
ZCI Limited,ZCI,JSE:ZCI,Industrial Metals & Mining,No,No,,,
Zeder Investments Limited,ZED,JSE:ZED,Financial Services,Yes,Yes,,,
